"VPB","3.285.200","89.032.886.000","212.910","5.854.094.000","3.072.290","83.178.792.000","10.439.264","23.02%"
"VRE","2.021.620","56.915.007.500","206.010","5.781.645.500","1.815.610","51.133.362.000","422.412.600","30.86%"
"MBB","3.211.760","66.045.145.500","1.601.470","33.070.171.000","1.610.290","32.974.974.500","3.215.252","22.91%"
"CTG","1.770.800","59.667.599.000","395.800","13.201.059.000","1.375.000","46.466.540.000","36.880.494","99.01%"
"STB","1.527.770","22.875.460.000","360.750","5.475.630.000","1.167.020","17.399.830.000","273.069.731","9.29%"
"PVD","965.490","12.411.990.000","3.440","44.230.000","962.050","12.367.760.000","168.019.793","9.14%"
"HSG","2.055.780","37.579.552.500","1.128.980","20.758.669.000","926.800","16.820.883.500","167.678.484","11.29%"
"VNM","1.367.320","148.954.900.000","467.100","50.832.810.000","900.220","98.122.090.000","874.594.509","58.15%"
"FCN","669.830","8.605.990.000","56.070","720.140.000","613.760","7.885.850.000","25.962.314","53.28%"
"FUEVFVND","571.190","8.722.244.300","140.570","2.149.489.300","430.620","6.572.755.000","",""
"ITA","375.650","1.901.701.200","2.190","11.059.500","373.460","1.890.641.700","398.385.545","1.32%"
"HBC","496.910","6.693.650.000","136.400","1.839.090.000","360.510","4.854.560.000","76.918.635","15.68%"
"HAG","375.990","1.722.570.000","17.770","79.400.000","358.220","1.643.170.000","384.857.761","1.10%"
"DCM","351.170","4.210.354.500","700","8.320.000","350.470","4.202.034.500","244.333.063","2.85%"
"SSI","600.850","11.556.160.000","276.670","5.303.260.000","324.180","6.252.900.000","310.484.579","48.51%"
"FLC","295.330","1.226.031.900","1.340","5.561.100","293.990","1.220.470.800","330.857.547","2.40%"
"MSN","650.680","53.456.796.000","365.560","29.995.157.000","285.120","23.461.639.000","180.545.372","33.63%"
"HDG","241.000","7.191.548.000","0","0","241.000","7.191.548.000","59.805.711","10.23%"
"SCR","207.060","1.472.050.000","0","0","207.060","1.472.050.000","173.769.721","1.57%"
"IDI","205.420","1.173.470.000","400","2.280.000","205.020","1.171.190.000","110.634.370","0.40%"
"VHM","517.180","42.835.882.000","330.640","27.245.378.000","186.540","15.590.504.000","907.637.617","21.90%"
"NKG","202.900","2.425.080.000","20.050","240.620.000","182.850","2.184.460.000","150.378.041","17.37%"
"ASM","166.350","1.886.760.000","2.200","24.310.000","164.150","1.862.450.000","120.874.592","2.31%"
"KBC","204.490","3.175.623.000","48.400","754.490.000","156.090","2.421.133.000","147.261.124","18.04%"
"GEX","210.330","4.257.290.000","79.200","1.598.110.000","131.130","2.659.180.000","174.820.673","13.19%"
"AST","116.450","6.187.820.000","0","0","116.450","6.187.820.000","2.994.988","42.34%"
"SZC","130.650","3.750.920.000","17.250","502.180.000","113.400","3.248.740.000","47.992.090","1.01%"
"AAA","112.660","1.405.900.000","1.190","14.880.000","111.470","1.391.020.000","216.708.508","2.28%"
"SBT","166.190","3.044.771.500","65.060","1.175.843.000","101.130","1.868.928.500","550.591.828","9.84%"
"PET","96.040","1.531.994.500","8.500","135.775.000","87.540","1.396.219.500","31.651.580","12.45%"
"VND","85.360","1.565.143.000","320","5.974.000","85.040","1.559.169.000","35.497.051","32.90%"
"CSV","80.970","2.219.660.000","0","0","80.970","2.219.660.000","16.214.206","12.32%"
"BVH","250.280","13.748.180.000","170.350","9.352.840.000","79.930","4.395.340.000","151.749.675","28.56%"
"HNG","86.050","1.236.536.000","6.440","92.983.000","79.610","1.143.553.000","541.761.028","0.13%"
"DIG","79.390","1.823.986.500","1.690","38.610.000","77.700","1.785.376.500","80.992.616","23.84%"
"BID","165.710","6.829.770.000","89.900","3.707.980.000","75.810","3.121.790.000","509.973.582","17.32%"
"NVL","122.640","7.409.632.000","57.800","3.484.152.000","64.840","3.925.480.000","323.760.887","5.46%"
"LHG","79.420","2.575.134.000","15.000","497.800.000","64.420","2.077.334.000","21.657.809","5.69%"
"GVR","107.180","1.984.370.000","43.780","803.150.000","63.400","1.181.220.000","489.700.137","0.76%"
"HAX","60.590","1.093.930.000","0","0","60.590","1.093.930.000","14.908.117","8.43%"
"SAB","75.670","14.462.390.000","16.730","3.217.610.000","58.940","11.244.780.000","236.498.349","63.12%"
"DRH","58.390","401.892.800","670","4.609.600","57.720","397.283.200","28.810.293","1.77%"
"LDG","57.540","374.080.000","0","0","57.540","374.080.000","115.376.494","0.97%"
"HHS","53.920","257.570.000","0","0","53.920","257.570.000","125.916.540","3.17%"
"BMP","53.220","3.219.060.000","80","4.800.000","53.140","3.214.260.000","14.965.852","81.72%"
"AGR","63.570","374.670.000","10.620","61.480.000","52.950","313.190.000","98.920.371","2.34%"
"TIP","51.540","1.681.470.000","0","0","51.540","1.681.470.000","8.955.693","14.56%"
"CTI","49.610","689.336.500","0","0","49.610","689.336.500","25.772.215","8.09%"
"IJC","48.560","666.790.000","0","0","48.560","666.790.000","65.267.325","1.39%"
"TTF","56.350","317.930.300","8.150","46.047.500","48.200","271.882.800","152.180.098","0.10%"
"VCI","47.200","1.985.540.000","80","3.360.000","47.120","1.982.180.000","122.119.046","26.26%"
"BCG","45.100","371.330.000","20","160.000","45.080","371.170.000","29.137.827","14.44%"
"HCM","108.750","2.624.738.000","65.160","1.569.982.000","43.590","1.054.756.000","158.427.065","48.21%"
"TLG","41.090","1.536.633.500","260","9.412.000","40.830","1.527.221.500","57.888.737","25.59%"
"TDC","60.500","574.223.300","20.000","192.800.000","40.500","381.423.300","46.384.950","2.62%"
"DRC","39.550","816.558.500","0","0","39.550","816.558.500","36.412.723","18.35%"
"DGW","40.940","3.128.971.000","1.840","139.704.000","39.100","2.989.267.000","8.759.791","28.70%"
"PHR","41.180","2.622.080.000","4.180","265.030.000","37.000","2.357.050.000","49.092.955","12.77%"
"TDM","37.370","1.015.101.000","1.160","31.102.000","36.210","983.999.000","42.516.380","6.48%"
"NLG","144.170","4.146.106.000","108.380","3.140.287.500","35.790","1.005.818.500","2.135.862","48.25%"
"CRC","33.360","566.324.000","0","0","33.360","566.324.000","7.199.540","1.00%"
"D2D","33.250","1.860.233.000","0","0","33.250","1.860.233.000","9.585.192","4.11%"
"HDC","31.910","828.640.000","0","0","31.910","828.640.000","30.875.867","2.58%"
"VJC","98.730","11.516.381.000","68.080","7.941.722.000","30.650","3.574.659.000","63.266.306","18.32%"
"PC1","29.860","658.764.500","900","19.620.000","28.960","639.144.500","55.932.953","13.89%"
"DMC","26.690","1.462.093.000","0","0","26.690","1.462.093.000","14.756.470","57.51%"
"HAP","25.160","144.934.600","0","0","25.160","144.934.600","24.676.633","4.64%"
"SZL","24.320","1.280.020.000","340","18.360.000","23.980","1.261.660.000","6.765.550","15.17%"
"DAG","23.410","158.390.000","0","0","23.410","158.390.000","20.941.396","0.41%"
"AMD","23.280","61.570.000","0","0","23.280","61.570.000","79.212.793","0.55%"
"DAH","22.080","84.780.000","0","0","22.080","84.780.000","16.506.220","0.74%"
"DPG","21.820","613.680.000","0","0","21.820","613.680.000","21.868.103","0.40%"
"HDB","455.410","10.003.250.000","433.670","9.620.330.000","21.740","382.920.000","58.582.792","17.28%"
"DHM","21.280","198.320.000","0","0","21.280","198.320.000","15.098.559","0.91%"
"FUESSV30","20.020","240.240.100","0","0","20.020","240.240.100","2.878.320",""
"TSC","19.390","53.941.800","0","0","19.390","53.941.800","71.544.606","0.54%"
"VSC","69.130","3.415.830.000","50.000","2.557.100.000","19.130","858.730.000","11.369.626","28.37%"
"PDR","15.980","653.960.000","0","0","15.980","653.960.000","191.204.614","0.74%"
"CTD","141.730","9.064.190.000","125.890","8.067.250.000","15.840","996.940.000","2.329.947","46.06%"
"ANV","19.210","427.300.000","3.500","77.350.000","15.710","349.950.000","60.795.295","1.33%"
"FMC","23.170","830.730.000","7.830","283.450.000","15.340","547.280.000","19.684.421","8.86%"
"HT1","16.130","249.577.500","900","13.850.000","15.230","235.727.500","164.326.943","5.94%"
"VPG","14.900","217.200.500","0","0","14.900","217.200.500","18.798.548","1.17%"
"PPC","15.250","363.140.000","430","10.310.000","14.820","352.830.000","109.796.019","15.34%"
"PTB","14.820","862.550.000","0","0","14.820","862.550.000","15.460.700","17.19%"
"SGN","14.890","1.033.890.000","200","13.800.000","14.690","1.020.090.000","9.356.171","2.14%"
"SKG","14.560","145.599.900","0","0","14.560","145.599.900","3.113.013","44.08%"
"NNC","15.380","648.200.000","1.000","42.120.000","14.380","606.080.000","7.461.006","14.96%"
"TLD","12.210","69.839.000","0","0","12.210","69.839.000","15.956.825","7.07%"
"DGC","11.220","529.000.000","0","0","11.220","529.000.000","70.466.891","1.63%"
"HVN","13.660","357.423.500","2.780","72.689.000","10.880","284.734.500","294.883.460","9.21%"
"FTS","11.530","146.620.000","1.000","12.700.000","10.530","133.920.000","103.720.086","21.58%"
"QCG","10.050","60.946.600","0","0","10.050","60.946.600","133.494.658","0.48%"
"DVP","10.960","520.420.000","1.070","51.150.000","9.890","469.270.000","13.686.500","14.78%"
"TVB","10.490","125.760.000","920","11.050.000","9.570","114.710.000","25.123.947","0.80%"
"GDT","9.040","340.810.000","0","0","9.040","340.810.000","4.843.693","20.74%"
"JVC","12.840","56.990.000","4.270","18.890.000","8.570","38.100.000","40.364.041","13.12%"
"EVG","10.320","60.710.000","2.040","11.890.000","8.280","48.820.000","28.619.720","1.30%"
"TCL","9.960","269.120.000","1.860","51.990.000","8.100","217.130.000","13.129.237","5.47%"
"TLH","7.600","43.620.000","0","0","7.600","43.620.000","48.614.265","1.39%"
"BMI","31.630","965.610.000","24.650","751.500.000","6.980","214.110.000","13.277.989","34.47%"
"SHI","6.350","55.330.000","0","0","6.350","55.330.000","42.448.533","0.26%"
"HTN","6.330","278.560.000","0","0","6.330","278.560.000","16.080.526","0.36%"
"HII","6.200","93.890.000","110","1.660.000","6.090","92.230.000","15.564.504","0.40%"
"APC","5.400","126.820.000","0","0","5.400","126.820.000","6.622.994","16.08%"
"DPR","7.020","320.110.000","1.700","77.500.000","5.320","242.610.000","15.591.810","12.74%"
"PAN","5.100","104.695.000","0","0","5.100","104.695.000","13.604.388","42.71%"
"SCS","4.870","611.769.000","0","0","4.870","611.769.000","13.938.445","29.00%"
"CTS","37.800","318.520.000","33.000","278.106.900","4.800","40.413.100","41.563.388","9.95%"
"TV2","4.600","221.199.500","0","0","4.600","221.199.500","910.017","12.47%"
"MSH","4.500","171.820.000","0","0","4.500","171.820.000","21.673.986","5.66%"
"PLP","11.670","87.787.200","7.270","56.926.700","4.400","30.860.500","18.891.713","1.77%"
"STK","3.920","80.002.000","0","0","3.920","80.002.000","28.661.942","8.48%"
"NSC","4.820","354.652.000","1.000","73.613.000","3.820","281.039.000","7.444.144","6.67%"
"HAI","5.000","13.300.000","1.210","3.250.000","3.790","10.050.000","87.304.904","1.21%"
"DSN","3.720","172.120.000","0","0","3.720","172.120.000","3.588.541","19.30%"
"TYA","5.100","67.820.000","1.500","20.025.000","3.600","47.795.000","4.457.225","27.34%"
"GIL","28.420","1.109.850.000","24.990","975.610.000","3.430","134.240.000","14.537.990","8.62%"
"TVS","33.210","398.520.000","30.000","360.000.000","3.210","38.520.000","20.817.127","25.90%"
"SJS","3.340","88.581.500","200","5.370.000","3.140","83.211.500","53.832.624","2.13%"
"EVE","3.140","33.710.000","0","0","3.140","33.710.000","13.747.207","67.25%"
"SGT","3.000","16.200.000","0","0","3.000","16.200.000","26.076.681","13.76%"
"VRC","2.940","19.390.000","0","0","2.940","19.390.000","23.492.684","2.01%"
"CMG","5.450","178.780.000","2.600","84.962.000","2.850","93.818.000","10.881.998","38.12%"
"NHH","2.820","138.150.000","0","0","2.820","138.150.000","34.430.110","0.03%"
"CMX","10.990","173.360.000","8.240","129.270.000","2.750","44.090.000","10.684.028","13.87%"
"CCL","4.300","32.350.000","1.730","12.980.000","2.570","19.370.000","22.198.787","2.27%"
"FIT","6.230","54.450.000","3.780","32.770.000","2.450","21.680.000","122.294.502","0.99%"
"OGC","10.000","73.800.000","7.950","59.020.000","2.050","14.780.000","144.164.242","0.95%"
"ITC","2.000","30.800.000","0","0","2.000","30.800.000","38.693.752","0.47%"
"TCT","1.950","52.860.000","0","0","1.950","52.860.000","4.664.310","12.53%"
"TNA","1.880","25.413.000","0","0","1.880","25.413.000","17.402.385","5.20%"
"ICT","1.530","32.024.000","0","0","1.530","32.024.000","32.033.500","0.47%"
"PGD","1.520","40.484.000","0","0","1.520","40.484.000","1.941.367","46.84%"
"VIB","1.500","43.780.000","20","580.000","1.480","43.200.000","2.720.668","29.57%"
"C32","1.560","37.114.500","340","8.041.000","1.220","29.073.500","5.593.746","11.78%"
"MCG","1.180","2.100.400","0","0","1.180","2.100.400","25.480.846","4.69%"
"LGL","1.000","5.300.000","0","0","1.000","5.300.000","24.087.321","2.17%"
"NTL","35.070","735.710.000","34.080","720.790.000","990","14.920.000","26.733.185","5.17%"
"GTN","800","19.120.000","0","0","800","19.120.000","249.301.481","0.28%"
"LPB","660","8.301.000","0","0","660","8.301.000","19.324","5.00%"
"CRE","17.520","569.260.000","16.860","549.610.000","660","19.650.000","27.411.788","14.74%"
"VCF","550","121.000.000","0","0","550","121.000.000","12.868.198","0.59%"
"TNI","510","1.463.700","0","0","510","1.463.700","25.379.080","0.66%"
"FUESSV50","500","7.077.000","0","0","500","7.077.000","4.188.070","65.58%"
"BTT","500","18.500.000","0","0","500","18.500.000","6.602.847","0.09%"
"FPT","410","22.550.000","0","0","410","22.550.000","414","49.00%"
"CAV","400","27.920.000","0","0","400","27.920.000","28.054.948","0.29%"
"VTB","400","3.770.000","0","0","400","3.770.000","5.700.840","1.42%"
"YBM","400","1.912.000","0","0","400","1.912.000","6.901.124","0.74%"
"APH","320","28.283.000","30","2.649.000","290","25.634.000","79.777.689","50.47%"
"ACL","270","3.370.000","0","0","270","3.370.000","18.504.447","2.68%"
"SMB","1.000","39.000.000","730","28.490.000","270","10.510.000","10.573.886","13.57%"
"REE","250","12.112.500","0","0","250","12.112.500","250","49.00%"
"BCM","230","9.494.000","0","0","230","9.494.000","488.655.390","1.79%"
"IMP","240","12.713.000","100","5.310.000","140","7.403.000","247","49.00%"
"PNJ","100","7.700.000","0","0","100","7.700.000","100","49.00%"
"PGC","50","1.090.000","0","0","50","1.090.000","27.228.558","3.88%"
"TAC","40","1.570.000","0","0","40","1.570.000","16.101.963","1.47%"
"CDC","40","834.000","0","0","40","834.000","7.641.481","0.35%"
"TTB","30","130.000","0","0","30","130.000","22.883.554","0.13%"
"FUCVREIT","20","120.000","0","0","20","120.000","2.407.390","0.85%"
"LGC","10","614.000","0","0","10","614.000","7.735.515","44.99%"
"SRC","10","170.000","0","0","10","170.000","13.723.761","0.10%"
"SHA","0","0","0","0","0","0","14.567.964","0.98%"
"SGR","0","0","0","0","0","0","29.392.315","0.01%"
"DBT","0","0","0","0","0","0","5.579.945","7.76%"
"SII","0","0","0","0","0","0","26.223","48.96%"
"SHP","0","0","0","0","0","0","41.241.654","4.99%"
"SCD","0","0","0","0","0","0","3.511.500","7.69%"
"SC5","0","0","0","0","0","0","6.683.280","4.40%"
"SFC","0","0","0","0","0","0","5.447.653","0.75%"
"VAF","0","0","0","0","0","0","18.455.885","0.00%"
"SFG","0","0","0","0","0","0","23.164.372","0.64%"
"SPM","0","0","0","0","0","0","6.422.180","3.13%"
"SMC","0","0","0","0","0","0","9.255.809","33.83%"
"SRF","0","0","0","0","0","0","692.790","46.87%"
"CTF","0","0","0","0","0","0","22.312.331","0.00%"
"SSC","0","0","0","0","0","0","7.187.805","1.06%"
"DBD","0","0","0","0","0","0","52.369.200","0.02%"
"UIC","0","0","0","0","0","0","2.193.300","21.58%"
"TVT","0","0","0","0","0","0","10.256.510","0.16%"
"DAT","0","0","0","0","0","0","22.542.167","0.00%"
"SMA","0","0","0","0","0","0","9.314.128","0.03%"
"SBV","0","0","0","0","0","0","9.307.144","14.99%"
"DRL","0","0","0","0","0","0","4.559.850","1.00%"
"PTL","0","0","0","0","0","0","48.829.636","0.17%"
"VDS","0","0","0","0","0","0","48.657.903","0.39%"
"PXS","0","0","0","0","0","0","22.897.342","10.84%"
"VDP","0","0","0","0","0","0","6.217.400","0.53%"
"BBC","0","0","0","0","0","0","353.277","46.71%"
"ATG","0","0","0","0","0","0","7.327.640","0.86%"
"DTL","0","0","0","0","0","0","30.095.714","0.01%"
"DTA","0","0","0","0","0","0","8.810.661","0.21%"
"PSH","0","0","0","0","0","0","61.837.722",""
"SAM","0","0","0","0","0","0","122.626.997","1.19%"
"S4A","0","0","0","0","0","0","20.664.520","0.03%"
"BFC","0","0","0","0","0","0","25.327.576","4.70%"
"DHG","0","0","0","0","0","0","59.144.006","54.76%"
"SBA","0","0","0","0","0","0","29.614.987","0.04%"
"QBS","0","0","0","0","0","0","","49.00%"
"PXT","0","0","0","0","0","0","9.617.500","0.91%"
"RAL","0","0","0","0","0","0","5.300.784","2.91%"
"RIC","0","0","0","0","0","0","4.727.528","32.53%"
"RDP","0","0","0","0","0","0","18.041.106","0.68%"
"CIG","0","0","0","0","0","0","15.450.944","0.01%"
"TIX","0","0","0","0","0","0","14.673.146","0.09%"
"CHP","0","0","0","0","0","0","66.894.736","3.47%"
"TMS","0","0","0","0","0","0","1","49.00%"
"CEE","0","0","0","0","0","0","20.304.820","0.07%"
"TEG","0","0","0","0","0","0","15.733.313","0.42%"
"TDW","0","0","0","0","0","0","3.940.510","2.64%"
"TGG","0","0","0","0","0","0","13.157.975","0.80%"
"TTA","0","0","0","0","0","0","66.085.710","0.05%"
"THI","0","0","0","0","0","0","23.880.600","0.06%"
"TS4","0","0","0","0","0","0","7.677.482","1.49%"
"TNT","0","0","0","0","0","0","12.452.130","0.34%"
"TPC","0","0","0","0","0","0","11.570.256","1.64%"
"TRC","0","0","0","0","0","0","14.363.880","1.12%"
"TRA","0","0","0","0","0","0","2.414.864","43.17%"
"TN1","0","0","0","0","0","0","10.469.581","0.11%"
"TMT","0","0","0","0","0","0","17.355.307","2.46%"
"CCI","0","0","0","0","0","0","8.265.573","2.42%"
"C47","0","0","0","0","0","0","8.331.363","0.05%"
"TNC","0","0","0","0","0","0","9.015.690","2.17%"
"TDP","0","0","0","0","0","0","23.499.229","0.04%"
"CMV","0","0","0","0","0","0","5.906.054","0.21%"
"SVT","0","0","0","0","0","0","5.673.725",""
"CLW","0","0","0","0","0","0","5.739.610","4.85%"
"TCB","0","0","0","0","0","0","","22.51%"
"TBC","0","0","0","0","0","0","30.631.296","0.76%"
"CSM","0","0","0","0","0","0","49.732.150","1.01%"
"ST8","0","0","0","0","0","0","","49.00%"
"STG","0","0","0","0","0","0","48.068.690","0.08%"
"SVI","0","0","0","0","0","0","12.757.229","0.59%"
"COM","0","0","0","0","0","0","6.863.308","0.40%"
"CLC","0","0","0","0","0","0","12.275.519","2.16%"
"CLG","0","0","0","0","0","0","10.310.770","0.25%"
"TTE","0","0","0","0","0","0","14.529.634","0.00%"
"CKG","0","0","0","0","0","0","25.199.862","1.00%"
"BTP","0","0","0","0","0","0","23.785.384","9.68%"
"BRC","0","0","0","0","0","0","6.008.678","0.45%"
"TCD","0","0","0","0","0","0","16.177.445","14.79%"
"CLL","0","0","0","0","0","0","14.187.729","7.27%"
"TCR","0","0","0","0","0","0","1","49.00%"
"TCO","0","0","0","0","0","0","8.734.918","2.32%"
"DTT","0","0","0","0","0","0","3.979.994","0.18%"
"LEC","0","0","0","0","0","0","12.788.638",""
"HAS","0","0","0","0","0","0","2.528.256","17.40%"
"VPS","0","0","0","0","0","0","11.812.490","0.71%"
"GTA","0","0","0","0","0","0","5.038.115","0.56%"
"VPI","0","0","0","0","0","0","93.187.723","2.41%"
"L10","0","0","0","0","0","0","4.752.753","0.94%"
"KPF","0","0","0","0","0","0","8.825.363","0.02%"
"LAF","0","0","0","0","0","0","6.890.213","2.22%"
"LCM","0","0","0","0","0","0","9.873.760","8.92%"
"LBM","0","0","0","0","0","0","4.297.471","6.03%"
"MDG","0","0","0","0","0","0","5.335.625",""
"DCL","0","0","0","0","0","0","17.118.107","2.48%"
"VPD","0","0","0","0","0","0","52.186.858","0.04%"
"VNS","0","0","0","0","0","0","19.798.452","19.82%"
"MWG","0","0","0","0","0","0","","64.26%"
"LM8","0","0","0","0","0","0","4.434.729","1.77%"
"VPH","0","0","0","0","0","0","35.598.466","11.67%"
"GSP","0","0","0","0","0","0","14.575.000","8.51%"
"MCP","0","0","0","0","0","0","7.355.955","0.19%"
"GMC","0","0","0","0","0","0","11.660.117","10.14%"
"KMR","0","0","0","0","0","0","21.143.210","62.83%"
"HSL","0","0","0","0","0","0","14.241.131","9.58%"
"HVH","0","0","0","0","0","0","10.589.070","0.76%"
"HVX","0","0","0","0","0","0","19.239.901","0.88%"
"VTO","0","0","0","0","0","0","37.629.488","1.88%"
"HRC","0","0","0","0","0","0","14.599.901","0.67%"
"HTV","0","0","0","0","0","0","4.448.637","15.05%"
"AAM","0","0","0","0","0","0","5.927.765","0.99%"
"HU1","0","0","0","0","0","0","4.531.270","3.69%"
"HUB","0","0","0","0","0","0","7.469.870",""
"HU3","0","0","0","0","0","0","4.418.963","4.81%"
"HID","0","0","0","0","0","0","28.278.963","0.88%"
"ITD","0","0","0","0","0","0","8.402.295","5.87%"
"HCD","0","0","0","0","0","0","13.124.100","0.39%"
"ABT","0","0","0","0","0","0","6.556.648","2.52%"
"VSH","0","0","0","0","0","0","76.370.588","11.97%"
"ILB","0","0","0","0","0","0","","49.00%"
"ABS","0","0","0","0","0","0","14.103.240","0.03%"
"VSI","0","0","0","0","0","0","6.395.470","0.55%"
"HMC","0","0","0","0","0","0","10.095.220","0.93%"
"HOT","0","0","0","0","0","0","3.918.780","0.02%"
"ASG","0","0","0","0","0","0","18.433.219","0.76%"
"OPC","0","0","0","0","0","0","11.669.718","5.09%"
"FDC","0","0","0","0","0","0","18.913.330","0.04%"
"PIT","0","0","0","0","0","0","7.337.804","0.72%"
"ASP","0","0","0","0","0","0","2.472","48.99%"
"FTM","0","0","0","0","0","0","24.434.800","0.13%"
"FIR","0","0","0","0","0","0","10.067.364","0.60%"
"NVT","0","0","0","0","0","0","73.248.600","19.06%"
"PGI","0","0","0","0","0","0","25.064.653","20.75%"
"EMC","0","0","0","0","0","0","7.490.143","0.04%"
"VMD","0","0","0","0","0","0","7.304.720","1.69%"
"ELC","0","0","0","0","0","0","15.943.485","17.49%"
"FCM","0","0","0","0","0","0","19.254.015","2.04%"
"DXV","0","0","0","0","0","0","4.821.650","0.30%"
"PHC","0","0","0","0","0","0","12.607.269","0.04%"
"PDN","0","0","0","0","0","0","9.014.923","0.33%"
"VNG","0","0","0","0","0","0","47.511.074","0.16%"
"FUCTVGF2","0","0","0","0","0","0","8.086.078","1.43%"
"PME","0","0","0","0","0","0","22.460.025","70.06%"
"VIP","0","0","0","0","0","0","30.539.955","4.40%"
"VIS","0","0","0","0","0","0","19.215.769","73.97%"
"NAV","0","0","0","0","0","0","3.843.590","0.96%"
"PNC","0","0","0","0","0","0","5.318.620","0.83%"
"VNE","0","0","0","0","0","0","39.206.295","5.65%"
"VID","0","0","0","0","0","0","15.010.467","0.39%"
"FUCTVGF1","0","0","0","0","0","0","7.345.330","0.03%"
"LSS","0","0","10","74.600","-10","-74.600","33.031.393","1.81%"
"NBB","0","0","20","443.000","-20","-443.000","48.173.971","1.05%"
"PTC","0","0","100","856.000","-100","-856.000","8.767.055","0.29%"
"AGG","0","0","100","3.035.000","-100","-3.035.000","28.242.235","14.76%"
"TMP","0","0","110","4.650.000","-110","-4.650.000","33.903.260","0.57%"
"PJT","0","0","180","1.872.000","-180","-1.872.000","7.161.991","2.37%"
"SFI","0","0","200","5.745.000","-200","-5.745.000","5.838.603","10.30%"
"BSI","0","0","220","2.109.800","-220","-2.109.800","50.406.963","7.71%"
"SVC","0","0","310","21.700.000","-310","-21.700.000","15.587.000","2.22%"
"FUEVN100","10","126.000","410","5.141.600","-400","-5.015.600","2.748.870",""
"ADS","0","0","500","5.000.000","-500","-5.000.000","13.731.818","0.08%"
"IBC","0","0","500","10.930.000","-500","-10.930.000","24.865.370","0.52%"
"BMC","0","0","660","6.735.000","-660","-6.735.000","3.607.947","19.89%"
"DHC","10.150","599.614.000","10.950","644.655.000","-800","-45.041.000","10.511.517","29.86%"
"DQC","0","0","800","12.320.000","-800","-12.320.000","16.514.387","0.94%"
"DC4","0","0","900","9.450.000","-900","-9.450.000","15.645.276","0.11%"
"BCE","0","0","960","7.824.000","-960","-7.824.000","13.696.746","3.34%"
"VNL","0","0","1.000","16.650.000","-1.000","-16.650.000","3.581.220","9.21%"
"BHN","0","0","1.000","69.900.000","-1.000","-69.900.000","73.094.730","17.47%"
"CNG","500","9.650.000","1.500","29.100.000","-1.000","-19.450.000","8.540.790","17.37%"
"AGM","0","0","1.000","12.000.000","-1.000","-12.000.000","7.734.460","6.50%"
"DHA","200","8.990.000","1.320","59.350.000","-1.120","-50.360.000","5.484.296","12.73%"
"ACC","0","0","1.300","17.940.000","-1.300","-17.940.000","3.315.384","15.85%"
"THG","20","1.102.000","1.400","77.015.000","-1.380","-75.913.000","6.983.273","0.90%"
"GAB","20","3.860.000","1.550","298.880.000","-1.530","-295.020.000","6.567.070","1.41%"
"DPM","100.600","1.719.300.000","102.600","1.739.640.000","-2.000","-20.340.000","141.880.109","12.75%"
"KOS","0","0","2.380","72.230.500","-2.380","-72.230.500","50.484.980","0.34%"
"DLG","18.000","23.400.000","20.610","26.790.000","-2.610","-3.390.000","141.178.325","1.83%"
"KHP","0","0","2.880","17.600.000","-2.880","-17.600.000","18.681.821","16.55%"
"NCT","7.090","495.762.000","10.000","699.239.000","-2.910","-203.477.000","9.762.192","11.69%"
"MHC","1.500","8.175.000","6.600","36.376.100","-5.100","-28.201.100","19.413.108","2.12%"
"HTL","40","620.000","5.440","84.320.000","-5.400","-83.700.000","386.331","45.78%"
"TDG","0","0","5.980","12.380.000","-5.980","-12.380.000","8.005.021","1.27%"
"VFG","0","0","8.000","388.000.000","-8.000","-388.000.000","14.855.628","2.70%"
"PXI","0","0","8.090","26.292.500","-8.090","-26.292.500","14.575.620","0.41%"
"VGC","2.390","61.964.500","11.210","292.014.000","-8.820","-230.049.500","185.517.628","7.62%"
"APG","0","0","9.750","98.570.000","-9.750","-98.570.000","33.418.710","1.79%"
"POM","0","0","11.690","145.898.500","-11.690","-145.898.500","115.001.271","7.88%"
"PMG","0","0","12.800","163.840.000","-12.800","-163.840.000","22.384.921","0.76%"
"FUESSVFL","100.570","1.144.498.000","114.480","1.303.211.800","-13.910","-158.713.800","2.921.370","299.92%"
"UDC","1.000","5.148.000","15.000","75.042.800","-14.000","-69.894.800","15.632.080","4.34%"
"HPX","0","0","15.320","424.350.000","-15.320","-424.350.000","92.911.270","13.87%"
"KDC","4.100","146.185.000","20.420","726.568.500","-16.320","-580.383.500","193.772.505","24.50%"
"YEG","0","0","17.500","787.500.000","-17.500","-787.500.000","21.916.737","29.93%"
"VCB","429.970","39.559.115.000","447.800","41.159.027.000","-17.830","-1.599.912.000","233.125.066","23.71%"
"TPB","0","0","19.930","447.612.000","-19.930","-447.612.000","24.730","30.00%"
"HTI","0","0","20.000","246.600.000","-20.000","-246.600.000","8.061.878","16.69%"
"EIB","8.000","137.600.000","28.080","477.360.000","-20.080","-339.760.000","8.003","30.00%"
"HAR","10.940","43.978.800","31.240","125.438.400","-20.300","-81.459.600","49.460.120","0.20%"
"PAC","30","801.000","28.790","774.161.000","-28.760","-773.360.000","14.987.923","16.75%"
"NAF","600","10.950.000","30.050","548.734.500","-29.450","-537.784.500","43.439.372","34.66%"
"CII","20.290","345.782.500","59.590","1.013.030.000","-39.300","-667.247.500","115.106.782","29.35%"
"PLX","92.200","4.648.587.500","136.910","6.878.511.000","-44.710","-2.229.923.500","55.208.500","15.73%"
"TDH","15.140","117.310.000","60.220","464.900.000","-45.080","-347.590.000","45.443.844","8.66%"
"LIX","1.040","56.170.000","47.480","2.564.380.000","-46.440","-2.508.210.000","12.155.885","11.48%"
"SAV","0","0","50.130","859.830.000","-50.130","-859.830.000","590.426","44.96%"
"SJF","18.080","36.416.400","68.230","137.342.300","-50.150","-100.925.900","38.252.906","0.70%"
"BIC","9.080","178.570.000","61.750","1.193.230.000","-52.670","-1.014.660.000","2.449.903","46.91%"
"DBC","3.980","168.730.000","60.020","2.519.560.000","-56.040","-2.350.830.000","49.256.117","1.98%"
"HQC","0","0","59.620","95.988.200","-59.620","-95.988.200","225.243.419","1.74%"
"NT2","16.280","369.830.000","78.060","1.772.120.000","-61.780","-1.402.290.000","85.486.999","19.30%"
"VHC","106.300","4.709.724.500","172.530","7.690.475.500","-66.230","-2.980.751.000","123.343.584","32.74%"
"CVT","3.580","187.274.000","77.620","4.185.578.000","-74.040","-3.998.304.000","33.594.815","8.44%"
"BWE","7.950","247.985.500","90.820","2.890.214.000","-82.870","-2.642.228.500","64.215.070","18.44%"
"GAS","91.220","7.541.490.000","176.120","14.622.373.000","-84.900","-7.080.883.000","879.485.882","3.08%"
"SJD","0","0","91.940","1.596.756.000","-91.940","-1.596.756.000","16.538.792","25.03%"
"VIC","256.410","26.735.335.000","366.460","37.924.551.000","-110.050","-11.189.216.000","770.706.973","13.89%"
"KSB","20.560","549.478.000","132.410","3.543.996.000","-111.850","-2.994.518.000","22.967.863","13.37%"
"E1VFVN30","313.640","5.065.497.100","452.340","7.339.144.000","-138.700","-2.273.646.900","9.594.720","83.91%"
"ROS","7.500","16.210.000","149.150","321.930.000","-141.650","-305.720.000","269.166.035","1.58%"
"LCG","84.500","976.259.500","274.650","3.179.602.000","-190.150","-2.203.342.500","21.929.766","36.53%"
"KDH","188.770","5.008.810.000","398.720","10.566.020.000","-209.950","-5.557.210.000","57.858.887","39.00%"
"GEG","47.330","765.848.000","281.170","4.507.078.500","-233.840","-3.741.230.500","33.979.910","38.80%"
"PVT","140.740","1.752.683.000","378.500","4.711.707.000","-237.760","-2.959.024.000","90.488.121","16.85%"
"DXG","729.880","10.289.220.000","1.000.000","14.108.200.000","-270.120","-3.818.980.000","65.769.884","36.35%"
"TCM","0","0","292.320","10.719.032.000","-292.320","-10.719.032.000","9","46.18%"
"TCH","216.220","4.158.750.000","620.880","11.809.769.000","-404.660","-7.651.019.000","160.215.363","4.86%"
"HAH","46.460","752.650.000","667.640","10.835.020.000","-621.180","-10.082.370.000","15.250.505","17.74%"
"VOS","379.000","685.140.000","1.001.000","1.811.810.000","-622.000","-1.126.670.000","65.253.500","2.39%"
"FRT","23.250","574.980.000","1.066.150","26.100.090.000","-1.042.900","-25.525.110.000","12.820.914","32.77%"
"POW","407.990","4.104.439.900","1.455.280","14.604.431.000","-1.047.290","-10.499.991.100","933.501.179","9.14%"
"HPG","959.420","33.984.710.000","2.078.900","73.522.720.000","-1.119.480","-39.538.010.000","527.512.394","33.08%"
"GMD","15.050","415.390.000","2.365.580","66.642.450.000","-2.350.530","-66.227.060.000","50.880","48.98%"
